{
  "service": {
    "service": "p-t1",
    "serviceObject": {
      "name": "p-t1"
    },
    "provider": {
      "name": "aws",
      "runtime": "nodejs12.x",
      "region": "sa-east-1",
      "lambdaHashingVersion": "20201221",
      "stage": "dev",
      "versionFunctions": true,
      "compiledCloudFormationTemplate": {
        "AWSTemplateFormatVersion": "2010-09-09",
        "Description": "The AWS CloudFormation template for this Serverless application",
        "Resources": {
          "ServerlessDeploymentBucket": {
            "Type": "AWS::S3::Bucket",
            "Properties": {
              "BucketEncryption": {
                "ServerSideEncryptionConfiguration": [
                  {
                    "ServerSideEncryptionByDefault": {
                      "SSEAlgorithm": "AES256"
                    }
                  }
                ]
              }
            }
          },
          "ServerlessDeploymentBucketPolicy": {
            "Type": "AWS::S3::BucketPolicy",
            "Properties": {
              "Bucket": {
                "Ref": "ServerlessDeploymentBucket"
              },
              "PolicyDocument": {
                "Statement": [
                  {
                    "Action": "s3:*",
                    "Effect": "Deny",
                    "Principal": "*",
                    "Resource": [
                      {
                        "Fn::Join": [
                          "",
                          [
                            "arn:",
                            {
                              "Ref": "AWS::Partition"
                            },
                            ":s3:::",
                            {
                              "Ref": "ServerlessDeploymentBucket"
                            },
                            "/*"
                          ]
                        ]
                      },
                      {
                        "Fn::Join": [
                          "",
                          [
                            "arn:",
                            {
                              "Ref": "AWS::Partition"
                            },
                            ":s3:::",
                            {
                              "Ref": "ServerlessDeploymentBucket"
                            }
                          ]
                        ]
                      }
                    ],
                    "Condition": {
                      "Bool": {
                        "aws:SecureTransport": false
                      }
                    }
                  }
                ]
              }
            }
          },
          "HelloLogGroup": {
            "Type": "AWS::Logs::LogGroup",
            "Properties": {
              "LogGroupName": "/aws/lambda/p-t1-dev-hello"
            }
          },
          "IamRoleLambdaExecution": {
            "Type": "AWS::IAM::Role",
            "Properties": {
              "AssumeRolePolicyDocument": {
                "Version": "2012-10-17",
                "Statement": [
                  {
                    "Effect": "Allow",
                    "Principal": {
                      "Service": [
                        "lambda.amazonaws.com"
                      ]
                    },
                    "Action": [
                      "sts:AssumeRole"
                    ]
                  }
                ]
              },
              "Policies": [
                {
                  "PolicyName": {
                    "Fn::Join": [
                      "-",
                      [
                        "p-t1",
                        "dev",
                        "lambda"
                      ]
                    ]
                  },
                  "PolicyDocument": {
                    "Version": "2012-10-17",
                    "Statement": [
                      {
                        "Effect": "Allow",
                        "Action": [
                          "logs:CreateLogStream",
                          "logs:CreateLogGroup"
                        ],
                        "Resource": [
                          {
                            "Fn::Sub": "arn:${AWS::Partition}:logs:${AWS::Region}:${AWS::AccountId}:log-group:/aws/lambda/p-t1-dev*:*"
                          }
                        ]
                      },
                      {
                        "Effect": "Allow",
                        "Action": [
                          "logs:PutLogEvents"
                        ],
                        "Resource": [
                          {
                            "Fn::Sub": "arn:${AWS::Partition}:logs:${AWS::Region}:${AWS::AccountId}:log-group:/aws/lambda/p-t1-dev*:*:*"
                          }
                        ]
                      }
                    ]
                  }
                }
              ],
              "Path": "/",
              "RoleName": {
                "Fn::Join": [
                  "-",
                  [
                    "p-t1",
                    "dev",
                    {
                      "Ref": "AWS::Region"
                    },
                    "lambdaRole"
                  ]
                ]
              }
            }
          },
          "EnterpriseLogAccessIamRole": {
            "Type": "AWS::IAM::Role",
            "Properties": {
              "AssumeRolePolicyDocument": {
                "Version": "2012-10-17",
                "Statement": [
                  {
                    "Effect": "Allow",
                    "Principal": {
                      "AWS": "arn:aws:iam::802587217904:root"
                    },
                    "Action": "sts:AssumeRole",
                    "Condition": {
                      "StringEquals": {
                        "sts:ExternalId": "ServerlessEnterprise-23cdc8d8-bc9a-4fbf-94bb-731dd1d30203"
                      }
                    }
                  }
                ]
              },
              "Policies": [
                {
                  "PolicyName": "LogFilterAccess",
                  "PolicyDocument": {
                    "Version": "2012-10-17",
                    "Statement": [
                      {
                        "Effect": "Allow",
                        "Action": [
                          "logs:FilterLogEvents"
                        ],
                        "Resource": [
                          {
                            "Fn::GetAtt": [
                              "HelloLogGroup",
                              "Arn"
                            ]
                          }
                        ]
                      }
                    ]
                  }
                }
              ]
            }
          },
          "HelloLambdaFunction": {
            "Type": "AWS::Lambda::Function",
            "Properties": {
              "Code": {
                "S3Bucket": {
                  "Ref": "ServerlessDeploymentBucket"
                },
                "S3Key": "serverless/p-t1/dev/1623622991174-2021-06-13T22:23:11.174Z/p-t1.zip"
              },
              "Handler": "s_hello.handler",
              "Runtime": "nodejs12.x",
              "FunctionName": "p-t1-dev-hello",
              "MemorySize": 1024,
              "Timeout": 6,
              "Description": "My first lambda example",
              "Role": {
                "Fn::GetAtt": [
                  "IamRoleLambdaExecution",
                  "Arn"
                ]
              }
            },
            "DependsOn": [
              "HelloLogGroup"
            ]
          },
          "HelloLambdaVersionBXgTYzeavcDTYII17LCGNpLQcLH0qfhfhwt1K3XI": {
            "Type": "AWS::Lambda::Version",
            "DeletionPolicy": "Retain",
            "Properties": {
              "FunctionName": {
                "Ref": "HelloLambdaFunction"
              },
              "CodeSha256": "uwHJ9uXkfOV2w7SbKwXskRaqoWwvs9f/3vP9HDdYokI=",
              "Description": "My first lambda example"
            }
          },
          "ApiGatewayRestApi": {
            "Type": "AWS::ApiGateway::RestApi",
            "Properties": {
              "Name": "dev-p-t1",
              "EndpointConfiguration": {
                "Types": [
                  "EDGE"
                ]
              },
              "Policy": ""
            }
          },
          "ApiGatewayMethodOptions": {
            "Type": "AWS::ApiGateway::Method",
            "Properties": {
              "AuthorizationType": "NONE",
              "HttpMethod": "OPTIONS",
              "MethodResponses": [
                {
                  "StatusCode": "200",
                  "ResponseParameters": {
                    "method.response.header.Access-Control-Allow-Origin": true,
                    "method.response.header.Access-Control-Allow-Headers": true,
                    "method.response.header.Access-Control-Allow-Methods": true
                  },
                  "ResponseModels": {}
                }
              ],
              "RequestParameters": {},
              "Integration": {
                "Type": "MOCK",
                "RequestTemplates": {
                  "application/json": "{statusCode:200}"
                },
                "ContentHandling": "CONVERT_TO_TEXT",
                "IntegrationResponses": [
                  {
                    "StatusCode": "200",
                    "ResponseParameters": {
                      "method.response.header.Access-Control-Allow-Origin": "'*'",
                      "method.response.header.Access-Control-Allow-Headers": "'Content-Type,X-Amz-Date,Authorization,X-Api-Key,X-Amz-Security-Token,X-Amz-User-Agent'",
                      "method.response.header.Access-Control-Allow-Methods": "'OPTIONS,GET'"
                    },
                    "ResponseTemplates": {
                      "application/json": "#set($origin = $input.params(\"Origin\"))\n#if($origin == \"\") #set($origin = $input.params(\"origin\")) #end\n#if($origin.matches(\".+\")) #set($context.responseOverride.header.Access-Control-Allow-Origin = $origin) #end"
                    }
                  }
                ]
              },
              "ResourceId": {
                "Fn::GetAtt": [
                  "ApiGatewayRestApi",
                  "RootResourceId"
                ]
              },
              "RestApiId": {
                "Ref": "ApiGatewayRestApi"
              }
            }
          },
          "ApiGatewayMethodGet": {
            "Type": "AWS::ApiGateway::Method",
            "Properties": {
              "HttpMethod": "GET",
              "RequestParameters": {},
              "ResourceId": {
                "Fn::GetAtt": [
                  "ApiGatewayRestApi",
                  "RootResourceId"
                ]
              },
              "RestApiId": {
                "Ref": "ApiGatewayRestApi"
              },
              "ApiKeyRequired": false,
              "AuthorizationType": "NONE",
              "Integration": {
                "IntegrationHttpMethod": "POST",
                "Type": "AWS_PROXY",
                "Uri": {
                  "Fn::Join": [
                    "",
                    [
                      "arn:",
                      {
                        "Ref": "AWS::Partition"
                      },
                      ":apigateway:",
                      {
                        "Ref": "AWS::Region"
                      },
                      ":lambda:path/2015-03-31/functions/",
                      {
                        "Fn::GetAtt": [
                          "HelloLambdaFunction",
                          "Arn"
                        ]
                      },
                      "/invocations"
                    ]
                  ]
                }
              },
              "MethodResponses": []
            }
          },
          "ApiGatewayDeployment1623622981406": {
            "Type": "AWS::ApiGateway::Deployment",
            "Properties": {
              "RestApiId": {
                "Ref": "ApiGatewayRestApi"
              },
              "StageName": "dev"
            },
            "DependsOn": [
              "ApiGatewayMethodOptions",
              "ApiGatewayMethodGet"
            ]
          },
          "HelloLambdaPermissionApiGateway": {
            "Type": "AWS::Lambda::Permission",
            "Properties": {
              "FunctionName": {
                "Fn::GetAtt": [
                  "HelloLambdaFunction",
                  "Arn"
                ]
              },
              "Action": "lambda:InvokeFunction",
              "Principal": "apigateway.amazonaws.com",
              "SourceArn": {
                "Fn::Join": [
                  "",
                  [
                    "arn:",
                    {
                      "Ref": "AWS::Partition"
                    },
                    ":execute-api:",
                    {
                      "Ref": "AWS::Region"
                    },
                    ":",
                    {
                      "Ref": "AWS::AccountId"
                    },
                    ":",
                    {
                      "Ref": "ApiGatewayRestApi"
                    },
                    "/*/*"
                  ]
                ]
              }
            }
          },
          "ApiGatewayLogGroup": {
            "Type": "AWS::Logs::LogGroup",
            "Properties": {
              "LogGroupName": "/aws/api-gateway/p-t1-dev"
            }
          },
          "CustomApiGatewayAccountCloudWatchRole": {
            "Type": "Custom::ApiGatewayAccountRole",
            "Version": 1,
            "Properties": {
              "ServiceToken": {
                "Fn::GetAtt": [
                  "CustomDashresourceDashapigwDashcwDashroleLambdaFunction",
                  "Arn"
                ]
              }
            }
          },
          "IamRoleCustomResourcesLambdaExecution": {
            "Type": "AWS::IAM::Role",
            "Properties": {
              "AssumeRolePolicyDocument": {
                "Version": "2012-10-17",
                "Statement": [
                  {
                    "Effect": "Allow",
                    "Principal": {
                      "Service": [
                        "lambda.amazonaws.com"
                      ]
                    },
                    "Action": [
                      "sts:AssumeRole"
                    ]
                  }
                ]
              },
              "Policies": [
                {
                  "PolicyName": {
                    "Fn::Join": [
                      "-",
                      [
                        "dev",
                        "p-t1",
                        "custom-resources-lambda"
                      ]
                    ]
                  },
                  "PolicyDocument": {
                    "Version": "2012-10-17",
                    "Statement": [
                      {
                        "Effect": "Allow",
                        "Resource": {
                          "Fn::Join": [
                            ":",
                            [
                              "arn",
                              {
                                "Ref": "AWS::Partition"
                              },
                              "iam:",
                              {
                                "Ref": "AWS::AccountId"
                              },
                              "role/*"
                            ]
                          ]
                        },
                        "Action": [
                          "iam:AttachRolePolicy",
                          "iam:CreateRole",
                          "iam:ListAttachedRolePolicies",
                          "iam:PassRole"
                        ]
                      },
                      {
                        "Effect": "Allow",
                        "Resource": {
                          "Fn::Join": [
                            ":",
                            [
                              "arn",
                              {
                                "Ref": "AWS::Partition"
                              },
                              "apigateway:*::/account"
                            ]
                          ]
                        },
                        "Action": [
                          "apigateway:GET",
                          "apigateway:PATCH"
                        ]
                      }
                    ]
                  }
                }
              ]
            }
          },
          "CustomDashresourceDashapigwDashcwDashroleLambdaFunction": {
            "Type": "AWS::Lambda::Function",
            "Properties": {
              "Code": {
                "S3Bucket": {
                  "Ref": "ServerlessDeploymentBucket"
                },
                "S3Key": "serverless/p-t1/dev/1623622991174-2021-06-13T22:23:11.174Z/custom-resources.zip"
              },
              "FunctionName": "p-t1-dev-custom-resource-apigw-cw-role",
              "Handler": "apiGatewayCloudWatchRole/handler.handler",
              "MemorySize": 1024,
              "Runtime": "nodejs12.x",
              "Timeout": 180,
              "Role": {
                "Fn::GetAtt": [
                  "IamRoleCustomResourcesLambdaExecution",
                  "Arn"
                ]
              }
            },
            "DependsOn": [
              "IamRoleCustomResourcesLambdaExecution"
            ]
          },
          "CWLSubFilterHelloLogGroupSaEast1": {
            "Type": "AWS::Logs::SubscriptionFilter",
            "Properties": {
              "DestinationArn": "arn:aws:logs:sa-east-1:802587217904:destination:23cdc8d8-bc9a-4fbf-94bb-731dd1d30203#mzgjbK07bsPZgWtTT6#p-t1#dev",
              "FilterPattern": "?\"REPORT RequestId: \" ?\"SERVERLESS_ENTERPRISE\"",
              "LogGroupName": {
                "Ref": "HelloLogGroup"
              }
            }
          },
          "CWLSubFilterApiGatewayLogGroupSaEast1": {
            "Type": "AWS::Logs::SubscriptionFilter",
            "Properties": {
              "DestinationArn": "arn:aws:logs:sa-east-1:802587217904:destination:23cdc8d8-bc9a-4fbf-94bb-731dd1d30203#mzgjbK07bsPZgWtTT6#p-t1#dev",
              "FilterPattern": "\"SLS_ACCESS_LOG\"",
              "LogGroupName": {
                "Ref": "ApiGatewayLogGroup"
              }
            }
          }
        },
        "Outputs": {
          "ServerlessDeploymentBucketName": {
            "Value": {
              "Ref": "ServerlessDeploymentBucket"
            },
            "Export": {
              "Name": "sls-p-t1-dev-ServerlessDeploymentBucketName"
            }
          },
          "EnterpriseLogAccessIamRole": {
            "Value": {
              "Fn::GetAtt": [
                "EnterpriseLogAccessIamRole",
                "Arn"
              ]
            },
            "Export": {
              "Name": "sls-p-t1-dev-EnterpriseLogAccessIamRole"
            }
          },
          "HelloLambdaFunctionQualifiedArn": {
            "Description": "Current Lambda function version",
            "Value": {
              "Ref": "HelloLambdaVersionBXgTYzeavcDTYII17LCGNpLQcLH0qfhfhwt1K3XI"
            },
            "Export": {
              "Name": "sls-p-t1-dev-HelloLambdaFunctionQualifiedArn"
            }
          },
          "ServiceEndpoint": {
            "Description": "URL of the service endpoint",
            "Value": {
              "Fn::Join": [
                "",
                [
                  "https://",
                  {
                    "Ref": "ApiGatewayRestApi"
                  },
                  ".execute-api.",
                  {
                    "Ref": "AWS::Region"
                  },
                  ".",
                  {
                    "Ref": "AWS::URLSuffix"
                  },
                  "/dev"
                ]
              ]
            },
            "Export": {
              "Name": "sls-p-t1-dev-ServiceEndpoint"
            }
          }
        }
      },
      "coreCloudFormationTemplate": {
        "AWSTemplateFormatVersion": "2010-09-09",
        "Description": "The AWS CloudFormation template for this Serverless application",
        "Resources": {
          "ServerlessDeploymentBucket": {
            "Type": "AWS::S3::Bucket",
            "Properties": {
              "BucketEncryption": {
                "ServerSideEncryptionConfiguration": [
                  {
                    "ServerSideEncryptionByDefault": {
                      "SSEAlgorithm": "AES256"
                    }
                  }
                ]
              }
            }
          },
          "ServerlessDeploymentBucketPolicy": {
            "Type": "AWS::S3::BucketPolicy",
            "Properties": {
              "Bucket": {
                "Ref": "ServerlessDeploymentBucket"
              },
              "PolicyDocument": {
                "Statement": [
                  {
                    "Action": "s3:*",
                    "Effect": "Deny",
                    "Principal": "*",
                    "Resource": [
                      {
                        "Fn::Join": [
                          "",
                          [
                            "arn:",
                            {
                              "Ref": "AWS::Partition"
                            },
                            ":s3:::",
                            {
                              "Ref": "ServerlessDeploymentBucket"
                            },
                            "/*"
                          ]
                        ]
                      },
                      {
                        "Fn::Join": [
                          "",
                          [
                            "arn:",
                            {
                              "Ref": "AWS::Partition"
                            },
                            ":s3:::",
                            {
                              "Ref": "ServerlessDeploymentBucket"
                            }
                          ]
                        ]
                      }
                    ],
                    "Condition": {
                      "Bool": {
                        "aws:SecureTransport": false
                      }
                    }
                  }
                ]
              }
            }
          }
        },
        "Outputs": {
          "ServerlessDeploymentBucketName": {
            "Value": {
              "Ref": "ServerlessDeploymentBucket"
            }
          }
        }
      },
      "logs": {
        "restApi": {
          "format": "{\"requestTime\":\"$context.requestTime\",\"requestId\":\"$context.requestId\",\"apiId\":\"$context.apiId\",\"resourceId\":\"$context.resourceId\",\"resourcePath\":\"$context.resourcePath\",\"path\":\"$context.path\",\"httpMethod\":\"$context.httpMethod\",\"status\":\"$context.status\",\"authLatency\":\"$context.authorizer.integrationLatency\",\"integrationLatency\":\"$context.integrationLatency\",\"integrationStatus\":\"$context.integrationStatus\",\"responseLatency\":\"$context.responseLatency\",\"responseLength\":\"$context.responseLength\",\"errorMessage\":\"$context.error.message\",\"format\":\"SLS_ACCESS_LOG\",\"version\":\"1.0.0\"}"
        }
      },
      "vpc": {}
    },
    "plugins": [
      "serverless-offline"
    ],
    "pluginsData": {},
    "functions": {
      "hello": {
        "handler": "s_hello.handler",
        "description": "My first lambda example",
        "events": [
          {
            "http": {
              "path": "",
              "method": "get",
              "cors": {
                "origins": [
                  "*"
                ],
                "origin": "*",
                "methods": [
                  "OPTIONS",
                  "GET"
                ],
                "headers": [
                  "Content-Type",
                  "X-Amz-Date",
                  "Authorization",
                  "X-Api-Key",
                  "X-Amz-Security-Token",
                  "X-Amz-User-Agent"
                ],
                "allowCredentials": false
              },
              "integration": "AWS_PROXY"
            }
          }
        ],
        "name": "p-t1-dev-hello",
        "package": {},
        "memory": 1024,
        "timeout": 6,
        "runtime": "nodejs12.x",
        "vpc": {},
        "versionLogicalId": "HelloLambdaVersionBXgTYzeavcDTYII17LCGNpLQcLH0qfhfhwt1K3XI"
      }
    },
    "configValidationMode": "warn",
    "serviceFilename": "serverless.yml",
    "app": "p-t1",
    "org": "maxadsjr",
    "layers": {},
    "initialServerlessConfig": {
      "org": "maxadsjr",
      "app": "p-t1",
      "service": {
        "$ref": "$[\"service\"][\"serviceObject\"]"
      },
      "frameworkVersion": "2",
      "provider": {
        "$ref": "$[\"service\"][\"provider\"]"
      },
      "functions": {
        "$ref": "$[\"service\"][\"functions\"]"
      },
      "plugins": {
        "$ref": "$[\"service\"][\"plugins\"]"
      }
    },
    "isDashboardMonitoringPreconfigured": true,
    "isDashboardAppPreconfigured": true,
    "orgUid": "23cdc8d8-bc9a-4fbf-94bb-731dd1d30203",
    "appUid": "mzgjbK07bsPZgWtTT6",
    "artifact": "/home/max/brutalit/testes/sls_t1/p-t1/.serverless/p-t1.zip"
  },
  "package": {
    "artifactDirectoryName": "serverless/p-t1/dev/1623622991174-2021-06-13T22:23:11.174Z",
    "artifact": "p-t1.zip"
  }
}